Ind,Pop,SNP_1,,SNP_2,,SNP_3,,SNP_4,,SNP_5,,SNP_6,,SNP_7,,SNP_8,,SNP_9,,SNP_10,,SNP_11,,SNP_12,,SNP_13,,SNP_14,,SNP_15,,SNP_16,,SNP_17,,SNP_18,,SNP_19,,SNP_20,,SNP_21,,SNP_22,,SNP_23,,SNP_24,,SNP_25,,SNP_26,,SNP_27,,SNP_28,,SNP_29,,SNP_30,,SNP_31,,SNP_32,,SNP_33,,SNP_34,,SNP_35,,SNP_36,,SNP_37,,SNP_38,,SNP_39,,SNP_40,,SNP_41,,SNP_42,,SNP_43,,SNP_44,,SNP_45,,SNP_46,,SNP_47,,SNP_48,,SNP_49,,SNP_50,,SNP_51,,SNP_52,,SNP_53,,SNP_54,,SNP_55,,SNP_56,,SNP_57,,SNP_58,,SNP_59,,SNP_60,,SNP_61,,SNP_62,,SNP_63,,SNP_64,,SNP_65,,SNP_66,,SNP_67,,SNP_68,,SNP_69,,SNP_70,,SNP_71,,SNP_72,,SNP_73,,SNP_74,,SNP_75,,SNP_76,,SNP_77,,SNP_78,,SNP_79,,SNP_80,,SNP_81,,SNP_82,,SNP_83,,SNP_84,,SNP_85,,SNP_86,,SNP_87,,SNP_88,,SNP_89,,SNP_90,,SNP_91,,SNP_92,,SNP_93,
BTRT-1,Pop,1,1,1,1,2,2,3,3,2,2,3,3,1,1,1,1,1,1,1,1,2,2,3,3,1,1,1,1,1,1,3,3,2,2,1,1,1,1,1,1,2,2,3,3,2,2,1,1,2,2,2,2,1,1,1,1,2,2,3,3,1,1,1,1,1,1,2,2,1,1,1,1,1,1,1,1,2,2,3,3,3,3,0,0,3,3,3,3,2,2,3,3,3,3,3,3,2,2,2,2,1,1,2,2,1,1,2,2,3,3,1,1,2,2,3,3,1,1,3,3,2,2,2,2,3,3,1,1,1,1,1,1,1,1,1,1,2,2,2,2,1,1,2,2,1,1,1,1,3,3,2,2,3,3,1,1,1,1,2,2,2,2,1,1,1,1,3,3,3,3,1,1,2,2,2,2,1,1,1,1,1,1,3,3,3,3
BTRT-10,Pop,1,1,2,2,2,2,3,3,3,3,2,2,1,1,1,1,1,1,1,1,1,1,3,3,2,2,2,2,1,1,3,3,2,2,1,1,2,2,2,2,2,2,2,2,1,1,2,2,2,2,1,1,3,3,1,1,3,3,0,0,1,1,1,1,1,1,2,2,1,1,1,1,2,2,0,0,3,3,3,3,1,1,0,0,3,3,3,3,1,1,2,2,3,3,3,3,1,1,2,2,1,1,1,1,1,1,1,1,3,3,2,2,3,3,3,3,1,1,3,3,1,1,3,3,3,3,1,1,1,1,2,2,2,2,1,1,3,3,1,1,1,1,3,3,1,1,1,1,3,3,3,3,3,3,1,1,2,2,2,2,3,3,1,1,3,3,2,2,3,3,2,2,1,1,2,2,3,3,0,0,1,1,2,2,3,3
BTRT-11,Pop,1,1,2,2,2,2,3,3,2,2,2,2,1,1,1,1,1,1,1,1,2,2,3,3,1,1,1,1,2,2,3,3,1,1,1,1,1,1,1,1,1,1,1,1,2,2,1,1,2,2,2,2,2,2,2,2,3,3,2,2,1,1,1,1,2,2,2,2,1,1,1,1,2,2,1,1,2,2,2,2,3,3,0,0,3,3,2,2,1,1,3,3,1,1,2,2,1,1,2,2,1,1,1,1,3,3,2,2,2,2,2,2,3,3,3,3,1,1,3,3,0,0,3,3,3,3,1,1,1,1,2,2,1,1,1,1,2,2,1,1,1,1,2,2,1,1,3,3,2,2,1,1,2,2,1,1,1,1,2,2,3,3,2,2,2,2,3,3,3,3,1,1,2,2,2,2,3,3,1,1,1,1,3,3,3,3
BTRT-12,Pop,1,1,3,3,3,3,3,3,3,3,2,2,2,2,2,2,1,1,1,1,1,1,2,2,3,3,3,3,2,2,0,0,0,0,1,1,1,1,1,1,2,2,1,1,1,1,1,1,0,0,1,1,1,1,1,1,3,3,2,2,1,1,1,1,1,1,1,1,1,1,1,1,2,2,1,1,1,1,2,2,2,2,0,0,3,3,3,3,2,2,3,3,0,0,1,1,1,1,3,3,1,1,2,2,2,2,1,1,3,3,2,2,3,3,3,3,1,1,3,3,1,1,2,2,0,0,1,1,1,1,3,3,0,0,0,0,2,2,1,1,1,1,3,3,1,1,1,1,0,0,1,1,3,3,2,2,1,1,1,1,2,2,3,3,2,2,3,3,3,3,1,1,2,2,0,0,3,3,1,1,1,1,3,3,3,3
BTRT-13,Pop,1,1,0,0,2,2,2,2,3,3,0,0,1,1,1,1,1,1,1,1,1,1,3,3,1,1,0,0,2,2,0,0,0,0,1,1,1,1,0,0,2,2,2,2,2,2,1,1,0,0,1,1,0,0,2,2,3,3,0,0,0,0,1,1,2,2,2,2,0,0,1,1,2,2,0,0,2,2,2,2,2,2,0,0,3,3,2,2,2,2,3,3,1,1,2,2,1,1,0,0,1,1,2,2,2,2,2,2,2,2,2,2,2,2,3,3,1,1,3,3,0,0,3,3,2,2,1,1,1,1,0,0,2,2,1,1,2,2,0,0,1,1,2,2,1,1,2,2,0,0,2,2,2,2,2,2,1,1,2,2,2,2,2,2,0,0,0,0,3,3,1,1,1,1,0,0,1,1,0,0,2,2,3,3,3,3
BTRT-14,Pop,1,1,1,1,0,0,2,2,2,2,0,0,1,1,1,1,1,1,1,1,1,1,3,3,1,1,1,1,2,2,0,0,1,1,1,1,1,1,1,1,2,2,1,1,2,2,1,1,0,0,1,1,2,2,2,2,3,3,0,0,1,1,1,1,2,2,2,2,1,1,1,1,2,2,0,0,1,1,2,2,3,3,0,0,3,3,3,3,2,2,3,3,1,1,2,2,1,1,3,3,2,2,2,2,2,2,3,3,3,3,2,2,2,2,3,3,1,1,3,3,0,0,3,3,3,3,1,1,1,1,0,0,2,2,1,1,2,2,2,2,1,1,1,1,1,1,1,1,0,0,2,2,1,1,1,1,1,1,2,2,2,2,2,2,0,0,0,0,3,3,1,1,2,2,0,0,2,2,0,0,2,2,3,3,3,3
BTRT-15,Pop,1,1,0,0,3,3,3,3,2,2,1,1,1,1,2,2,1,1,1,1,2,2,2,2,2,2,0,0,2,2,0,0,1,1,1,1,2,2,0,0,2,2,1,1,1,1,1,1,0,0,1,1,0,0,2,2,3,3,0,0,0,0,1,1,2,2,3,3,1,1,1,1,1,1,0,0,2,2,1,1,0,0,0,0,0,0,3,3,2,2,3,3,3,3,3,3,2,2,0,0,1,1,0,0,1,1,2,2,2,2,2,2,2,2,0,0,0,0,3,3,0,0,0,0,3,3,1,1,1,1,0,0,1,1,1,1,1,1,0,0,1,1,2,2,1,1,3,3,0,0,1,1,1,1,1,1,1,1,2,2,2,2,2,2,0,0,3,3,3,3,2,2,1,1,0,0,3,3,0,0,1,1,3,3,3,3
BTRT-16,Pop,1,1,1,1,2,2,2,2,2,2,3,3,1,1,2,2,2,2,1,1,1,1,2,2,2,2,3,3,2,2,3,3,2,2,1,1,1,1,1,1,3,3,1,1,3,3,1,1,2,2,2,2,1,1,1,1,2,2,2,2,1,1,2,2,1,1,3,3,1,1,1,1,2,2,1,1,2,2,2,2,2,2,0,0,1,1,2,2,1,1,2,2,2,2,2,2,1,1,3,3,2,2,2,2,1,1,2,2,3,3,1,1,3,3,3,3,1,1,3,3,2,2,3,3,3,3,1,1,1,1,3,3,2,2,1,1,3,3,2,2,2,2,3,3,1,1,3,3,2,2,3,3,2,2,2,2,1,1,3,3,2,2,1,1,2,2,3,3,3,3,1,1,1,1,1,1,1,1,1,1,2,2,3,3,3,3
BTRT-17,Pop,1,1,1,1,1,1,1,1,3,3,3,3,2,2,1,1,1,1,1,1,2,2,2,2,1,1,0,0,2,2,0,0,1,1,2,2,2,2,2,2,3,3,1,1,2,2,2,2,2,2,2,2,2,2,2,2,2,2,0,0,1,1,2,2,1,1,1,1,1,1,1,1,2,2,0,0,2,2,1,1,1,1,1,1,3,3,3,3,1,1,2,2,2,2,3,3,2,2,3,3,1,1,2,2,1,1,2,2,3,3,2,2,3,3,2,2,1,1,3,3,2,2,2,2,2,2,0,0,2,2,0,0,1,1,1,1,2,2,0,0,1,1,2,2,1,1,2,2,0,0,2,2,2,2,2,2,2,2,3,3,2,2,2,2,0,0,2,2,3,3,2,2,1,1,2,2,1,1,0,0,2,2,3,3,3,3
BTRT-18,Pop,1,1,0,0,0,0,2,2,2,2,0,0,2,2,2,2,0,0,1,1,0,0,2,2,1,1,0,0,0,0,0,0,2,2,1,1,0,0,0,0,0,0,2,2,2,2,2,2,0,0,0,0,0,0,1,1,2,2,0,0,0,0,2,2,1,1,2,2,0,0,1,1,0,0,0,0,3,3,1,1,0,0,1,1,0,0,2,2,2,2,1,1,0,0,0,0,0,0,0,0,1,1,0,0,2,2,2,2,2,2,1,1,2,2,0,0,0,0,3,3,0,0,0,0,2,2,0,0,1,1,0,0,0,0,1,1,2,2,0,0,0,0,0,0,1,1,0,0,0,0,0,0,0,0,2,2,2,2,0,0,3,3,1,1,0,0,0,0,2,2,2,2,1,1,0,0,2,2,0,0,1,1,2,2,3,3
BTRT-19,Pop,1,1,0,0,2,2,3,3,2,2,0,0,1,1,2,2,1,1,0,0,1,1,1,1,1,1,0,0,0,0,0,0,0,0,1,1,3,3,0,0,1,1,2,2,2,2,1,1,3,3,3,3,0,0,2,2,1,1,0,0,0,0,1,1,1,1,3,3,0,0,1,1,2,2,0,0,3,3,2,2,3,3,1,1,0,0,3,3,2,2,3,3,0,0,2,2,1,1,0,0,1,1,1,1,1,1,2,2,3,3,2,2,3,3,0,0,1,1,3,3,0,0,2,2,1,1,0,0,1,1,0,0,2,2,1,1,1,1,0,0,1,1,2,2,1,1,2,2,0,0,0,0,3,3,1,1,1,1,3,3,1,1,2,2,0,0,0,0,3,3,1,1,1,1,0,0,2,2,0,0,1,1,3,3,3,3
BTRT-2,Pop,1,1,1,1,2,2,3,3,1,1,3,3,1,1,2,2,2,2,1,1,2,2,2,2,3,3,3,3,2,2,3,3,1,1,1,1,1,1,1,1,3,3,2,2,2,2,1,1,0,0,3,3,2,2,2,2,2,2,0,0,2,2,1,1,1,1,3,3,1,1,1,1,2,2,2,2,2,2,1,1,2,2,0,0,2,2,3,3,2,2,3,3,2,2,2,2,1,1,2,2,2,2,0,0,1,1,2,2,3,3,1,1,2,2,3,3,1,1,3,3,0,0,3,3,3,3,1,1,1,1,2,2,1,1,1,1,3,3,2,2,1,1,1,1,1,1,2,2,3,3,2,2,3,3,2,2,2,2,2,2,1,1,1,1,0,0,0,0,3,3,1,1,2,2,0,0,2,2,0,0,1,1,3,3,3,3
BTRT-20,Pop,1,1,0,0,1,1,2,2,2,2,0,0,1,1,3,3,2,2,1,1,2,2,2,2,1,1,0,0,2,2,0,0,0,0,1,1,2,2,0,0,2,2,1,1,3,3,1,1,0,0,2,2,0,0,2,2,2,2,0,0,0,0,1,1,1,1,1,1,0,0,1,1,2,2,0,0,2,2,2,2,0,0,0,0,0,0,1,1,1,1,3,3,1,1,2,2,1,1,0,0,1,1,0,0,1,1,3,3,1,1,2,2,2,2,0,0,0,0,3,3,0,0,2,2,2,2,0,0,1,1,0,0,2,2,1,1,3,3,0,0,1,1,3,3,1,1,3,3,0,0,0,0,2,2,1,1,2,2,2,2,2,2,1,1,0,0,3,3,3,3,1,1,1,1,0,0,2,2,0,0,1,1,3,3,3,3
BTRT-21,Pop,1,1,2,2,3,3,3,3,2,2,3,3,1,1,2,2,2,2,1,1,2,2,2,2,1,1,2,2,3,3,0,0,1,1,1,1,1,1,1,1,1,1,1,1,2,2,1,1,3,3,3,3,1,1,2,2,3,3,0,0,1,1,2,2,1,1,3,3,1,1,1,1,2,2,0,0,3,3,1,1,2,2,0,0,2,2,1,1,1,1,2,2,1,1,2,2,1,1,0,0,1,1,2,2,3,3,2,2,2,2,2,2,2,2,3,3,1,1,3,3,1,1,2,2,2,2,1,1,1,1,0,0,1,1,2,2,2,2,1,1,1,1,3,3,1,1,1,1,3,3,2,2,3,3,1,1,2,2,2,2,2,2,1,1,0,0,3,3,2,2,2,2,2,2,1,1,3,3,1,1,1,1,3,3,3,3
BTRT-22,Pop,1,1,1,1,2,2,1,1,0,0,2,2,2,2,2,2,1,1,1,1,1,1,2,2,2,2,0,0,2,2,0,0,0,0,1,1,2,2,2,2,0,0,2,2,2,2,1,1,0,0,2,2,2,2,2,2,3,3,0,0,1,1,1,1,0,0,3,3,1,1,1,1,2,2,0,0,2,2,1,1,0,0,0,0,3,3,3,3,1,1,3,3,0,0,2,2,2,2,2,2,1,1,2,2,2,2,2,2,3,3,0,0,2,2,3,3,1,1,3,3,2,2,2,2,0,0,1,1,1,1,3,3,0,0,2,2,2,2,1,1,0,0,2,2,1,1,3,3,0,0,0,0,2,2,2,2,1,1,0,0,3,3,1,1,0,0,2,2,3,3,1,1,2,2,0,0,2,2,1,1,2,2,3,3,3,3
BTRT-23,Pop,1,1,1,1,2,2,2,2,2,2,3,3,2,2,2,2,1,1,1,1,1,1,2,2,2,2,3,3,2,2,2,2,1,1,2,2,2,2,2,2,2,2,2,2,2,2,1,1,1,1,1,1,1,1,2,2,2,2,0,0,1,1,2,2,1,1,3,3,1,1,1,1,2,2,1,1,1,1,2,2,2,2,0,0,2,2,3,3,2,2,2,2,2,2,2,2,2,2,0,0,1,1,0,0,1,1,2,2,3,3,1,1,3,3,2,2,1,1,3,3,2,2,3,3,2,2,1,1,1,1,2,2,1,1,1,1,2,2,2,2,1,1,3,3,1,1,3,3,1,1,2,2,1,1,2,2,1,1,2,2,2,2,2,2,0,0,2,2,3,3,2,2,1,1,0,0,2,2,1,1,2,2,2,2,3,3
BTRT-24,Pop,1,1,2,2,0,0,3,3,3,3,1,1,1,1,2,2,1,1,1,1,1,1,3,3,1,1,0,0,1,1,3,3,2,2,1,1,1,1,1,1,3,3,1,1,2,2,2,2,2,2,1,1,3,3,1,1,2,2,3,3,2,2,1,1,0,0,3,3,1,1,1,1,1,1,0,0,3,3,2,2,2,2,0,0,3,3,3,3,3,3,1,1,3,3,2,2,1,1,3,3,1,1,1,1,2,2,2,2,3,3,1,1,2,2,3,3,1,1,3,3,2,2,2,2,2,2,1,1,1,1,2,2,2,2,1,1,2,2,1,1,1,1,2,2,1,1,3,3,2,2,3,3,2,2,1,1,1,1,3,3,2,2,2,2,0,0,0,0,3,3,2,2,2,2,2,2,3,3,0,0,1,1,2,2,3,3
BTRT-25,Pop,1,1,2,2,2,2,3,3,2,2,0,0,1,1,2,2,2,2,1,1,2,2,2,2,2,2,2,2,2,2,2,2,2,2,1,1,2,2,2,2,2,2,1,1,2,2,1,1,0,0,2,2,1,1,2,2,3,3,0,0,1,1,2,2,1,1,2,2,1,1,1,1,2,2,0,0,2,2,2,2,2,2,0,0,3,3,1,1,1,1,2,2,2,2,2,2,1,1,3,3,1,1,2,2,2,2,1,1,2,2,1,1,3,3,3,3,1,1,3,3,0,0,2,2,3,3,1,1,1,1,2,2,1,1,1,1,2,2,1,1,2,2,3,3,1,1,1,1,3,3,1,1,2,2,1,1,1,1,2,2,2,2,1,1,0,0,0,0,3,3,1,1,1,1,1,1,2,2,0,0,2,2,3,3,3,3
BTRT-26,Pop,1,1,1,1,3,3,3,3,3,3,1,1,1,1,1,1,2,2,1,1,2,2,2,2,1,1,2,2,3,3,3,3,2,2,1,1,2,2,2,2,2,2,2,2,3,3,1,1,2,2,2,2,3,3,1,1,3,3,3,3,1,1,1,1,1,1,2,2,1,1,1,1,3,3,1,1,3,3,3,3,3,3,1,1,3,3,3,3,2,2,3,3,2,2,2,2,1,1,3,3,1,1,2,2,1,1,2,2,3,3,2,2,2,2,3,3,1,1,3,3,2,2,2,2,2,2,1,1,2,2,2,2,2,2,1,1,2,2,1,1,2,2,3,3,1,1,3,3,2,2,3,3,2,2,1,1,1,1,1,1,2,2,1,1,2,2,3,3,3,3,1,1,1,1,1,1,2,2,1,1,1,1,3,3,3,3
BTRT-27,Pop,1,1,1,1,3,3,3,3,3,3,1,1,2,2,2,2,1,1,1,1,2,2,2,2,2,2,2,2,2,2,3,3,1,1,1,1,1,1,1,1,1,1,2,2,2,2,1,1,3,3,3,3,2,2,1,1,3,3,3,3,1,1,1,1,1,1,2,2,1,1,1,1,1,1,2,2,1,1,3,3,2,2,0,0,3,3,2,2,2,2,3,3,2,2,3,3,1,1,3,3,2,2,2,2,1,1,1,1,2,2,1,1,3,3,3,3,1,1,3,3,2,2,2,2,2,2,1,1,1,1,2,2,2,2,1,1,3,3,2,2,1,1,1,1,1,1,1,1,3,3,1,1,2,2,1,1,1,1,3,3,3,3,1,1,3,3,3,3,3,3,1,1,2,2,1,1,1,1,2,2,2,2,3,3,3,3
BTRT-28,Pop,1,1,1,1,2,2,2,2,2,2,3,3,1,1,2,2,2,2,1,1,2,2,2,2,2,2,2,2,3,3,3,3,2,2,1,1,1,1,1,1,2,2,1,1,3,3,1,1,2,2,2,2,1,1,1,1,3,3,3,3,1,1,1,1,1,1,1,1,1,1,1,1,1,1,1,1,3,3,2,2,3,3,1,1,3,3,3,3,2,2,3,3,1,1,2,2,1,1,3,3,1,1,1,1,1,1,2,2,3,3,2,2,3,3,3,3,1,1,3,3,1,1,2,2,2,2,1,1,2,2,1,1,1,1,1,1,2,2,1,1,2,2,3,3,1,1,3,3,2,2,2,2,3,3,1,1,1,1,1,1,2,2,1,1,2,2,3,3,3,3,1,1,1,1,1,1,3,3,1,1,1,1,3,3,3,3
BTRT-29,Pop,1,1,2,2,1,1,1,1,3,3,1,1,1,1,1,1,1,1,1,1,2,2,2,2,2,2,2,2,3,3,3,3,1,1,1,1,3,3,3,3,3,3,2,2,1,1,1,1,1,1,1,1,1,1,1,1,2,2,3,3,1,1,1,1,1,1,2,2,1,1,1,1,2,2,1,1,2,2,3,3,3,3,1,1,3,3,3,3,1,1,3,3,1,1,1,1,1,1,3,3,1,1,1,1,1,1,2,2,3,3,3,3,3,3,3,3,1,1,3,3,2,2,1,1,0,0,1,1,1,1,2,2,2,2,1,1,2,2,1,1,2,2,3,3,1,1,2,2,3,3,2,2,3,3,1,1,1,1,2,2,2,2,2,2,2,2,3,3,3,3,1,1,2,2,1,1,2,2,1,1,1,1,3,3,3,3
BTRT-3,Pop,1,1,1,1,2,2,3,3,1,1,3,3,1,1,2,2,1,1,1,1,2,2,2,2,2,2,2,2,1,1,3,3,3,3,1,1,1,1,1,1,1,1,3,3,3,3,1,1,3,3,3,3,2,2,1,1,2,2,3,3,2,2,1,1,1,1,2,2,1,1,1,1,2,2,2,2,3,3,2,2,2,2,1,1,2,2,3,3,2,2,3,3,2,2,3,3,2,2,3,3,1,1,1,1,1,1,2,2,3,3,1,1,1,1,3,3,1,1,3,3,2,2,2,2,2,2,1,1,1,1,2,2,1,1,1,1,2,2,2,2,1,1,2,2,1,1,1,1,3,3,3,3,2,2,1,1,2,2,2,2,2,2,1,1,2,2,3,3,3,3,1,1,2,2,1,1,2,2,1,1,1,1,3,3,3,3
BTRT-30,Pop,1,1,2,2,3,3,3,3,2,2,2,2,2,2,2,2,1,1,1,1,2,2,2,2,3,3,2,2,2,2,3,3,1,1,1,1,2,2,2,2,2,2,2,2,3,3,1,1,2,2,2,2,3,3,1,1,3,3,3,3,1,1,1,1,1,1,1,1,1,1,1,1,1,1,3,3,2,2,3,3,3,3,1,1,3,3,2,2,2,2,2,2,2,2,3,3,1,1,3,3,2,2,1,1,1,1,1,1,3,3,1,1,2,2,3,3,1,1,3,3,2,2,2,2,2,2,1,1,1,1,2,2,2,2,1,1,3,3,1,1,1,1,2,2,1,1,1,1,3,3,2,2,2,2,1,1,2,2,2,2,3,3,1,1,3,3,3,3,3,3,2,2,2,2,0,0,2,2,1,1,1,1,3,3,3,3
BTRT-31,Pop,1,1,1,1,2,2,3,3,2,2,3,3,1,1,1,1,1,1,1,1,2,2,3,3,1,1,1,1,3,3,3,3,1,1,1,1,2,2,2,2,1,1,1,1,3,3,1,1,3,3,3,3,2,2,2,2,2,2,3,3,1,1,1,1,1,1,3,3,1,1,1,1,2,2,1,1,2,2,3,3,2,2,1,1,3,3,1,1,3,3,3,3,2,2,2,2,1,1,3,3,1,1,2,2,1,1,1,1,2,2,2,2,2,2,3,3,1,1,3,3,2,2,2,2,3,3,1,1,2,2,3,3,3,3,1,1,3,3,1,1,2,2,2,2,1,1,1,1,3,3,2,2,3,3,3,3,2,2,3,3,2,2,1,1,2,2,2,2,3,3,1,1,2,2,1,1,2,2,1,1,1,1,3,3,3,3
BTRT-32,Pop,1,1,1,1,1,1,2,2,3,3,1,1,1,1,1,1,1,1,1,1,2,2,3,3,1,1,1,1,2,2,3,3,2,2,1,1,2,2,2,2,3,3,1,1,3,3,1,1,1,1,1,1,3,3,1,1,2,2,3,3,2,2,1,1,1,1,2,2,1,1,1,1,2,2,2,2,2,2,3,3,1,1,1,1,3,3,2,2,3,3,2,2,3,3,3,3,1,1,3,3,1,1,1,1,1,1,1,1,3,3,2,2,2,2,3,3,1,1,3,3,1,1,3,3,3,3,1,1,1,1,2,2,2,2,1,1,3,3,1,1,1,1,3,3,1,1,1,1,3,3,2,2,2,2,1,1,1,1,3,3,3,3,1,1,3,3,1,1,3,3,1,1,2,2,1,1,3,3,1,1,1,1,3,3,3,3
BTRT-33,Pop,1,1,2,2,3,3,3,3,0,0,3,3,1,1,2,2,1,1,2,2,1,1,2,2,1,1,0,0,0,0,0,0,0,0,1,1,2,2,0,0,0,0,2,2,2,2,1,1,0,0,3,3,1,1,2,2,2,2,0,0,0,0,1,1,1,1,2,2,1,1,1,1,1,1,0,0,2,2,1,1,0,0,0,0,0,0,2,2,1,1,3,3,0,0,2,2,1,1,0,0,2,2,2,2,2,2,2,2,2,2,0,0,2,2,3,3,1,1,3,3,0,0,2,2,0,0,1,1,1,1,0,0,0,0,0,0,2,2,0,0,1,1,2,2,1,1,3,3,0,0,0,0,3,3,1,1,2,2,3,3,2,2,1,1,0,0,0,0,3,3,1,1,1,1,0,0,1,1,0,0,0,0,3,3,3,3
BTRT-34,Pop,1,1,0,0,2,2,2,2,2,2,2,2,2,2,2,2,2,2,1,1,2,2,2,2,2,2,0,0,0,0,0,0,2,2,1,1,2,2,2,2,2,2,2,2,2,2,1,1,0,0,2,2,2,2,1,1,2,2,0,0,0,0,1,1,1,1,2,2,1,1,1,1,2,2,0,0,2,2,2,2,3,3,0,0,0,0,3,3,2,2,3,3,1,1,2,2,1,1,0,0,1,1,0,0,1,1,2,2,3,3,2,2,3,3,3,3,1,1,3,3,0,0,2,2,2,2,0,0,2,2,0,0,2,2,1,1,2,2,0,0,1,1,2,2,2,2,2,2,0,0,0,0,3,3,2,2,0,0,2,2,2,2,2,2,0,0,2,2,3,3,1,1,1,1,0,0,3,3,0,0,1,1,3,3,3,3
BTRT-35,Pop,1,1,2,2,2,2,3,3,2,2,2,2,1,1,1,1,1,1,1,1,2,2,2,2,3,3,2,2,3,3,3,3,2,2,2,2,2,2,2,2,2,2,1,1,2,2,2,2,1,1,1,1,1,1,2,2,2,2,3,3,1,1,2,2,1,1,2,2,1,1,2,2,2,2,1,1,3,3,1,1,2,2,1,1,3,3,2,2,2,2,3,3,1,1,2,2,2,2,3,3,2,2,2,2,1,1,1,1,3,3,3,3,3,3,3,3,1,1,3,3,1,1,2,2,2,2,1,1,2,2,2,2,1,1,1,1,3,3,1,1,1,1,2,2,1,1,2,2,2,2,1,1,2,2,2,2,1,1,2,2,2,2,0,0,3,3,3,3,3,3,3,3,1,1,2,2,2,2,0,0,2,2,3,3,3,3
BTRT-36,Pop,1,1,1,1,1,1,2,2,2,2,3,3,1,1,2,2,2,2,1,1,2,2,3,3,1,1,2,2,2,2,3,3,2,2,1,1,2,2,2,2,3,3,2,2,3,3,2,2,1,1,1,1,3,3,1,1,3,3,3,3,1,1,1,1,1,1,2,2,1,1,1,1,1,1,2,2,3,3,1,1,2,2,2,2,2,2,2,2,2,2,1,1,2,2,3,3,1,1,1,1,1,1,1,1,1,1,2,2,2,2,1,1,2,2,3,3,1,1,3,3,2,2,3,3,3,3,1,1,1,1,2,2,2,2,1,1,2,2,1,1,1,1,2,2,1,1,1,1,3,3,3,3,2,2,1,1,1,1,2,2,3,3,1,1,3,3,1,1,3,3,1,1,1,1,1,1,3,3,1,1,1,1,2,2,3,3
BTRT-37,Pop,1,1,2,2,2,2,2,2,2,2,2,2,1,1,2,2,2,2,1,1,3,3,2,2,2,2,2,2,3,3,3,3,2,2,1,1,2,2,2,2,2,2,1,1,2,2,1,1,1,1,1,1,2,2,1,1,3,3,3,3,1,1,1,1,1,1,2,2,1,1,1,1,2,2,1,1,3,3,3,3,3,3,1,1,3,3,3,3,1,1,3,3,1,1,1,1,1,1,3,3,1,1,1,1,2,2,2,2,2,2,2,2,2,2,3,3,1,1,3,3,2,2,2,2,2,2,1,1,2,2,2,2,2,2,1,1,1,1,1,1,1,1,2,2,1,1,3,3,2,2,2,2,2,2,1,1,1,1,1,1,3,3,1,1,3,3,3,3,3,3,1,1,2,2,1,1,3,3,1,1,1,1,3,3,3,3
BTRT-38,Pop,1,1,0,0,1,1,1,1,0,0,0,0,1,1,3,3,3,3,1,1,2,2,3,3,1,1,0,0,0,0,0,0,0,0,1,1,0,0,0,0,0,0,1,1,2,2,1,1,0,0,0,0,0,0,1,1,3,3,0,0,0,0,1,1,1,1,1,1,0,0,1,1,2,2,0,0,3,3,2,2,0,0,0,0,0,0,3,3,1,1,3,3,0,0,2,2,0,0,0,0,1,1,0,0,1,1,2,2,0,0,0,0,0,0,0,0,0,0,3,3,0,0,1,1,0,0,0,0,3,3,0,0,0,0,1,1,1,1,0,0,1,1,1,1,1,1,0,0,0,0,0,0,0,0,1,1,1,1,0,0,3,3,1,1,0,0,0,0,3,3,1,1,1,1,0,0,2,2,0,0,0,0,3,3,3,3
BTRT-39,Pop,1,1,0,0,0,0,2,2,2,2,0,0,1,1,2,2,2,2,1,1,1,1,3,3,1,1,0,0,2,2,0,0,0,0,1,1,1,1,1,1,2,2,1,1,3,3,1,1,0,0,0,0,0,0,1,1,3,3,0,0,1,1,1,1,1,1,2,2,1,1,1,1,1,1,0,0,1,1,2,2,2,2,0,0,0,0,2,2,1,1,3,3,2,2,1,1,1,1,0,0,2,2,2,2,2,2,2,2,1,1,2,2,2,2,0,0,1,1,3,3,0,0,0,0,3,3,0,0,1,1,0,0,1,1,1,1,3,3,0,0,1,1,2,2,1,1,3,3,0,0,0,0,2,2,1,1,3,3,2,2,3,3,2,2,0,0,0,0,3,3,1,1,1,1,0,0,2,2,0,0,2,2,3,3,3,3
BTRT-4,Pop,1,1,1,1,2,2,3,3,1,1,0,0,1,1,3,3,2,2,1,1,2,2,3,3,1,1,0,0,0,0,0,0,1,1,1,1,2,2,0,0,1,1,2,2,2,2,1,1,0,0,3,3,1,1,0,0,3,3,0,0,0,0,1,1,1,1,2,2,0,0,1,1,0,0,0,0,2,2,3,3,0,0,0,0,2,2,2,2,1,1,3,3,0,0,2,2,1,1,0,0,1,1,0,0,2,2,1,1,1,1,1,1,2,2,0,0,1,1,3,3,0,0,0,0,3,3,0,0,0,0,0,0,2,2,1,1,2,2,0,0,1,1,1,1,1,1,3,3,1,1,2,2,2,2,2,2,2,2,0,0,3,3,2,2,0,0,0,0,3,3,1,1,1,1,0,0,2,2,0,0,1,1,3,3,0,0
BTRT-40,Pop,1,1,1,1,3,3,3,3,2,2,3,3,1,1,2,2,2,2,1,1,1,1,3,3,2,2,2,2,2,2,3,3,2,2,1,1,1,1,1,1,2,2,2,2,2,2,1,1,3,3,3,3,1,1,2,2,3,3,3,3,1,1,1,1,1,1,3,3,1,1,1,1,1,1,1,1,2,2,2,2,2,2,0,0,2,2,2,2,2,2,3,3,2,2,3,3,2,2,3,3,2,2,2,2,1,1,2,2,3,3,1,1,2,2,3,3,1,1,3,3,3,3,2,2,2,2,1,1,1,1,2,2,2,2,1,1,3,3,2,2,2,2,2,2,1,1,1,1,3,3,3,3,3,3,2,2,2,2,3,3,2,2,1,1,2,2,3,3,3,3,1,1,1,1,1,1,1,1,1,1,1,1,3,3,3,3
BTRT-41,Pop,1,1,2,2,2,2,3,3,1,1,3,3,1,1,1,1,1,1,1,1,2,2,2,2,1,1,2,2,1,1,2,2,2,2,1,1,2,2,2,2,3,3,1,1,3,3,1,1,3,3,3,3,1,1,2,2,3,3,3,3,1,1,1,1,1,1,2,2,1,1,1,1,2,2,2,2,2,2,2,2,2,2,0,0,0,0,3,3,2,2,3,3,2,2,3,3,1,1,3,3,1,1,2,2,1,1,2,2,2,2,1,1,2,2,3,3,1,1,3,3,3,3,2,2,3,3,1,1,1,1,2,2,1,1,1,1,2,2,2,2,1,1,2,2,1,1,1,1,3,3,2,2,1,1,1,1,1,1,2,2,2,2,1,1,2,2,2,2,3,3,1,1,1,1,1,1,1,1,0,0,2,2,2,2,3,3
BTRT-42,Pop,1,1,1,1,2,2,3,3,2,2,0,0,1,1,2,2,2,2,1,1,2,2,3,3,1,1,2,2,2,2,0,0,1,1,1,1,2,2,2,2,2,2,1,1,3,3,1,1,0,0,2,2,0,0,2,2,2,2,2,2,0,0,1,1,1,1,1,1,1,1,1,1,2,2,1,1,2,2,2,2,2,2,0,0,2,2,1,1,2,2,3,3,1,1,2,2,1,1,3,3,1,1,2,2,2,2,3,3,2,2,1,1,1,1,0,0,1,1,3,3,0,0,2,2,2,2,1,1,1,1,0,0,0,0,0,0,2,2,0,0,0,0,2,2,1,1,3,3,2,2,2,2,2,2,1,1,2,2,1,1,3,3,1,1,0,0,3,3,3,3,1,1,1,1,0,0,2,2,2,2,1,1,3,3,3,3
BTRT-43,Pop,1,1,2,2,2,2,3,3,3,3,2,2,1,1,2,2,2,2,1,1,2,2,3,3,2,2,0,0,3,3,0,0,2,2,1,1,2,2,2,2,2,2,2,2,1,1,1,1,0,0,2,2,1,1,2,2,2,2,0,0,0,0,2,2,1,1,1,1,1,1,1,1,2,2,0,0,1,1,2,2,2,2,0,0,0,0,3,3,1,1,3,3,2,2,3,3,1,1,0,0,1,1,2,2,1,1,2,2,3,3,1,1,2,2,3,3,1,1,3,3,0,0,2,2,2,2,1,1,1,1,0,0,2,2,1,1,3,3,0,0,0,0,2,2,1,1,0,0,0,0,2,2,2,2,2,2,1,1,3,3,3,3,2,2,0,0,0,0,3,3,1,1,1,1,0,0,1,1,0,0,1,1,3,3,3,3
BTRT-44,Pop,1,1,0,0,3,3,3,3,2,2,0,0,1,1,1,1,1,1,2,2,1,1,1,1,2,2,0,0,2,2,0,0,2,2,1,1,2,2,0,0,2,2,2,2,2,2,1,1,0,0,0,0,0,0,2,2,2,2,0,0,0,0,2,2,1,1,3,3,0,0,1,1,3,3,0,0,2,2,2,2,0,0,1,1,0,0,2,2,1,1,3,3,1,1,3,3,1,1,0,0,1,1,0,0,2,2,2,2,2,2,2,2,3,3,0,0,0,0,3,3,0,0,2,2,2,2,0,0,1,1,0,0,3,3,1,1,1,1,0,0,2,2,3,3,2,2,3,3,0,0,3,3,2,2,1,1,1,1,3,3,2,2,1,1,0,0,3,3,3,3,1,1,1,1,0,0,3,3,0,0,2,2,3,3,3,3
BTRT-45,Pop,2,2,1,1,2,2,2,2,0,0,0,0,2,2,3,3,2,2,1,1,2,2,2,2,2,2,0,0,2,2,0,0,0,0,2,2,2,2,2,2,0,0,2,2,2,2,2,2,0,0,2,2,2,2,2,2,2,2,0,0,0,0,2,2,1,1,2,2,0,0,2,2,2,2,0,0,2,2,2,2,0,0,1,1,0,0,3,3,1,1,2,2,0,0,2,2,1,1,0,0,1,1,0,0,2,2,2,2,2,2,0,0,0,0,0,0,0,0,3,3,0,0,2,2,0,0,1,1,2,2,0,0,0,0,0,0,0,0,0,0,0,0,2,2,2,2,3,3,0,0,0,0,2,2,2,2,1,1,2,2,1,1,2,2,0,0,0,0,2,2,2,2,1,1,0,0,2,2,0,0,0,0,2,2,2,2
BTRT-46,Pop,1,1,1,1,2,2,2,2,0,0,1,1,1,1,1,1,1,1,1,1,1,1,3,3,2,2,0,0,0,0,0,0,0,0,1,1,1,1,1,1,0,0,1,1,2,2,1,1,0,0,3,3,2,2,1,1,2,2,0,0,0,0,1,1,1,1,2,2,0,0,1,1,1,1,0,0,1,1,1,1,2,2,0,0,0,0,2,2,1,1,3,3,0,0,2,2,1,1,0,0,2,2,2,2,2,2,1,1,2,2,0,0,2,2,0,0,1,1,3,3,3,3,2,2,0,0,1,1,1,1,0,0,0,0,0,0,3,3,2,2,1,1,2,2,1,1,3,3,0,0,0,0,2,2,2,2,2,2,2,2,2,2,1,1,0,0,3,3,3,3,1,1,1,1,0,0,1,1,1,1,0,0,3,3,3,3
BTRT-47,Pop,1,1,1,1,2,2,2,2,3,3,1,1,1,1,1,1,1,1,1,1,1,1,3,3,1,1,1,1,3,3,3,3,2,2,1,1,1,1,1,1,2,2,2,2,2,2,1,1,2,2,2,2,2,2,2,2,3,3,3,3,1,1,2,2,1,1,1,1,1,1,1,1,1,1,2,2,2,2,1,1,2,2,1,1,3,3,2,2,1,1,3,3,1,1,2,2,1,1,2,2,1,1,2,2,3,3,2,2,2,2,1,1,2,2,3,3,1,1,3,3,2,2,3,3,3,3,1,1,1,1,3,3,1,1,1,1,3,3,1,1,1,1,3,3,1,1,3,3,2,2,3,3,3,3,3,3,1,1,3,3,3,3,1,1,3,3,3,3,3,3,1,1,2,2,1,1,2,2,1,1,1,1,3,3,3,3
BTRT-48,Pop,1,1,1,1,2,2,2,2,2,2,1,1,2,2,3,3,1,1,1,1,2,2,1,1,1,1,3,3,2,2,0,0,1,1,2,2,2,2,2,2,2,2,2,2,2,2,1,1,2,2,1,1,1,1,2,2,2,2,3,3,1,1,2,2,1,1,3,3,1,1,2,2,1,1,1,1,1,1,1,1,3,3,2,2,2,2,3,3,1,1,3,3,1,1,2,2,2,2,2,2,1,1,1,1,1,1,2,2,3,3,1,1,3,3,2,2,1,1,3,3,1,1,3,3,0,0,1,1,1,1,3,3,2,2,1,1,2,2,2,2,1,1,3,3,1,1,1,1,0,0,2,2,2,2,2,2,1,1,2,2,3,3,2,2,3,3,2,2,3,3,2,2,1,1,0,0,2,2,1,1,1,1,1,1,3,3
BTRT-49,Pop,1,1,2,2,1,1,3,3,0,0,3,3,1,1,3,3,2,2,0,0,1,1,2,2,2,2,0,0,0,0,0,0,0,0,1,1,1,1,0,0,0,0,1,1,2,2,1,1,0,0,2,2,0,0,1,1,3,3,0,0,0,0,2,2,1,1,3,3,0,0,2,2,2,2,0,0,3,3,3,3,3,3,0,0,3,3,2,2,1,1,2,2,0,0,2,2,2,2,0,0,1,1,1,1,3,3,3,3,2,2,0,0,3,3,0,0,1,1,3,3,2,2,2,2,0,0,1,1,1,1,0,0,0,0,0,0,1,1,0,0,0,0,2,2,2,2,1,1,0,0,0,0,3,3,2,2,1,1,2,2,2,2,2,2,0,0,3,3,3,3,2,2,2,2,0,0,3,3,1,1,0,0,3,3,3,3
BTRT-5,Pop,1,1,2,2,2,2,3,3,2,2,3,3,1,1,2,2,1,1,1,1,1,1,3,3,2,2,2,2,1,1,3,3,2,2,1,1,3,3,3,3,3,3,1,1,2,2,1,1,2,2,1,1,3,3,1,1,3,3,0,0,1,1,1,1,1,1,2,2,1,1,1,1,2,2,2,2,3,3,3,3,2,2,1,1,3,3,3,3,2,2,1,1,3,3,3,3,1,1,0,0,1,1,1,1,2,2,2,2,3,3,1,1,2,2,3,3,1,1,3,3,1,1,3,3,3,3,1,1,1,1,2,2,2,2,1,1,3,3,1,1,1,1,3,3,1,1,1,1,3,3,3,3,3,3,1,1,2,2,1,1,2,2,1,1,2,2,3,3,3,3,2,2,1,1,2,2,3,3,1,1,1,1,2,2,3,3
BTRT-50,Pop,1,1,1,1,0,0,3,3,2,2,2,2,1,1,1,1,1,1,1,1,2,2,3,3,1,1,1,1,1,1,3,3,3,3,1,1,2,2,2,2,3,3,1,1,3,3,1,1,1,1,1,1,3,3,1,1,2,2,3,3,2,2,1,1,1,1,2,2,1,1,1,1,2,2,3,3,3,3,2,2,2,2,0,0,3,3,3,3,2,2,1,1,2,2,3,3,1,1,2,2,1,1,1,1,1,1,2,2,2,2,1,1,1,1,3,3,1,1,3,3,2,2,2,2,2,2,1,1,1,1,1,1,1,1,1,1,2,2,1,1,1,1,2,2,1,1,1,1,3,3,3,3,2,2,1,1,1,1,2,2,2,2,1,1,2,2,2,2,3,3,1,1,2,2,1,1,3,3,0,0,1,1,2,2,3,3
BTRT-51,Pop,1,1,1,1,2,2,2,2,1,1,3,3,1,1,3,3,2,2,1,1,1,1,2,2,2,2,2,2,2,2,3,3,2,2,1,1,1,1,1,1,3,3,1,1,3,3,1,1,0,0,3,3,2,2,1,1,3,3,3,3,1,1,1,1,1,1,2,2,1,1,1,1,1,1,2,2,2,2,3,3,2,2,0,0,3,3,2,2,1,1,3,3,1,1,2,2,1,1,3,3,2,2,3,3,2,2,1,1,2,2,2,2,3,3,3,3,1,1,3,3,2,2,2,2,2,2,1,1,1,1,1,1,1,1,1,1,3,3,2,2,1,1,2,2,1,1,3,3,1,1,3,3,2,2,2,2,2,2,2,2,3,3,1,1,2,2,3,3,3,3,1,1,1,1,1,1,2,2,0,0,1,1,3,3,3,3
BTRT-52,Pop,1,1,0,0,0,0,3,3,2,2,0,0,1,1,2,2,2,2,1,1,1,1,0,0,2,2,0,0,0,0,0,0,2,2,1,1,0,0,2,2,2,2,1,1,2,2,1,1,0,0,3,3,1,1,0,0,0,0,0,0,0,0,1,1,1,1,3,3,0,0,1,1,2,2,0,0,2,2,2,2,0,0,0,0,0,0,2,2,1,1,3,3,0,0,0,0,0,0,0,0,1,1,0,0,2,2,1,1,2,2,1,1,3,3,0,0,1,1,3,3,0,0,2,2,2,2,0,0,1,1,0,0,1,1,1,1,3,3,0,0,1,1,1,1,1,1,3,3,0,0,3,3,3,3,3,3,2,2,0,0,2,2,1,1,0,0,0,0,3,3,1,1,1,1,0,0,1,1,0,0,1,1,3,3,2,2
BTRT-53,Pop,1,1,2,2,2,2,2,2,2,2,2,2,1,1,2,2,2,2,1,1,2,2,2,2,2,2,2,2,2,2,3,3,2,2,1,1,2,2,2,2,2,2,1,1,2,2,1,1,2,2,2,2,1,1,1,1,3,3,0,0,1,1,1,1,2,2,2,2,1,1,1,1,2,2,2,2,2,2,2,2,2,2,0,0,2,2,2,2,2,2,3,3,2,2,2,2,1,1,2,2,1,1,2,2,2,2,1,1,2,2,2,2,2,2,3,3,1,1,3,3,2,2,2,2,3,3,1,1,2,2,2,2,2,2,1,1,1,1,1,1,2,2,2,2,1,1,3,3,2,2,2,2,1,1,1,1,1,1,2,2,2,2,2,2,0,0,3,3,3,3,2,2,1,1,1,1,3,3,0,0,1,1,2,2,3,3
BTRT-54,Pop,1,1,0,0,1,1,2,2,0,0,0,0,2,2,2,2,3,3,1,1,1,1,2,2,2,2,0,0,1,1,0,0,0,0,2,2,2,2,1,1,0,0,1,1,2,2,2,2,0,0,2,2,3,3,2,2,3,3,0,0,2,2,2,2,2,2,2,2,3,3,1,1,2,2,0,0,2,2,2,2,0,0,0,0,0,0,3,3,0,0,3,3,0,0,1,1,0,0,0,0,1,1,0,0,2,2,1,1,2,2,2,2,2,2,0,0,1,1,3,3,3,3,2,2,0,0,0,0,2,2,0,0,1,1,1,1,2,2,0,0,1,1,2,2,1,1,3,3,0,0,0,0,3,3,2,2,1,1,1,1,2,2,3,3,0,0,0,0,1,1,2,2,1,1,0,0,2,2,0,0,2,2,3,3,3,3
BTRT-55,Pop,2,2,0,0,2,2,2,2,0,0,0,0,1,1,3,3,2,2,0,0,2,2,1,1,2,2,0,0,0,0,0,0,0,0,2,2,3,3,0,0,0,0,2,2,2,2,2,2,0,0,0,0,1,1,1,1,2,2,0,0,0,0,2,2,1,1,3,3,0,0,1,1,2,2,0,0,2,2,3,3,0,0,0,0,0,0,3,3,2,2,3,3,0,0,2,2,1,1,0,0,1,1,0,0,1,1,1,1,2,2,0,0,3,3,2,2,0,0,3,3,0,0,2,2,0,0,2,2,2,2,0,0,0,0,0,0,2,2,0,0,0,0,2,2,1,1,3,3,0,0,0,0,3,3,2,2,1,1,2,2,2,2,2,2,0,0,0,0,2,2,2,2,1,1,0,0,2,2,0,0,0,0,2,2,2,2
BTRT-56,Pop,2,2,0,0,2,2,2,2,0,0,0,0,1,1,2,2,0,0,1,1,2,2,3,3,2,2,0,0,0,0,0,0,0,0,1,1,2,2,0,0,0,0,2,2,2,2,2,2,0,0,0,0,0,0,1,1,3,3,0,0,0,0,2,2,1,1,2,2,0,0,2,2,0,0,0,0,2,2,2,2,0,0,0,0,0,0,2,2,2,2,2,2,0,0,2,2,1,1,0,0,1,1,0,0,1,1,2,2,2,2,0,0,0,0,0,0,0,0,2,2,0,0,3,3,0,0,2,2,1,1,0,0,0,0,0,0,2,2,0,0,0,0,2,2,1,1,2,2,0,0,0,0,2,2,2,2,1,1,0,0,3,3,2,2,0,0,0,0,2,2,2,2,1,1,0,0,3,3,0,0,0,0,2,2,3,3
BTRT-57,Pop,1,1,2,2,0,0,3,3,1,1,0,0,1,1,1,1,1,1,2,2,1,1,2,2,1,1,0,0,1,1,0,0,0,0,1,1,3,3,3,3,2,2,1,1,2,2,1,1,0,0,3,3,1,1,2,2,2,2,0,0,1,1,1,1,1,1,2,2,1,1,1,1,3,3,0,0,2,2,2,2,0,0,0,0,0,0,3,3,1,1,3,3,0,0,3,3,1,1,3,3,0,0,2,2,2,2,3,3,3,3,2,2,3,3,3,3,1,1,3,3,3,3,2,2,0,0,1,1,1,1,2,2,0,0,1,1,2,2,2,2,1,1,1,1,1,1,3,3,0,0,0,0,2,2,2,2,1,1,1,1,1,1,0,0,0,0,0,0,2,2,1,1,1,1,0,0,1,1,0,0,1,1,3,3,3,3
BTRT-58,Pop,1,1,0,0,2,2,2,2,0,0,0,0,2,2,2,2,2,2,1,1,2,2,0,0,2,2,0,0,0,0,0,0,0,0,2,2,0,0,0,0,0,0,2,2,2,2,2,2,0,0,0,0,0,0,1,1,2,2,0,0,0,0,1,1,2,2,1,1,2,2,1,1,2,2,0,0,2,2,2,2,3,3,0,0,0,0,2,2,1,1,3,3,0,0,2,2,0,0,0,0,2,2,0,0,2,2,3,3,2,2,0,0,0,0,0,0,0,0,3,3,0,0,1,1,0,0,1,1,2,2,0,0,0,0,0,0,1,1,0,0,0,0,2,2,1,1,3,3,0,0,0,0,2,2,2,2,2,2,2,2,2,2,2,2,0,0,0,0,2,2,2,2,2,2,0,0,2,2,0,0,0,0,3,3,3,3
BTRT-59,Pop,0,0,0,0,2,2,0,0,0,0,0,0,2,2,1,1,0,0,1,1,0,0,0,0,2,2,0,0,0,0,0,0,2,2,1,1,2,2,0,0,0,0,2,2,2,2,1,1,0,0,0,0,0,0,0,0,0,0,0,0,0,0,2,2,2,2,1,1,0,0,1,1,3,3,0,0,2,2,1,1,0,0,0,0,0,0,3,3,1,1,2,2,0,0,0,0,0,0,0,0,1,1,0,0,2,2,1,1,0,0,2,2,0,0,0,0,0,0,3,3,0,0,0,0,0,0,0,0,1,1,0,0,1,1,1,1,0,0,0,0,0,0,0,0,1,1,3,3,0,0,0,0,1,1,2,2,0,0,0,0,3,3,2,2,0,0,0,0,0,0,2,2,1,1,0,0,2,2,0,0,0,0,3,3,0,0
BTRT-6,Pop,1,1,1,1,2,2,2,2,2,2,2,2,1,1,2,2,1,1,1,1,1,1,3,3,2,2,2,2,1,1,3,3,2,2,1,1,2,2,2,2,2,2,2,2,2,2,1,1,1,1,1,1,2,2,1,1,2,2,3,3,1,1,1,1,1,1,2,2,1,1,1,1,2,2,1,1,3,3,2,2,2,2,1,1,3,3,3,3,1,1,2,2,3,3,3,3,1,1,2,2,1,1,1,1,2,2,3,3,3,3,1,1,3,3,3,3,1,1,3,3,1,1,3,3,3,3,1,1,1,1,0,0,1,1,1,1,2,2,1,1,1,1,2,2,1,1,3,3,2,2,3,3,3,3,2,2,1,1,2,2,1,1,1,1,1,1,3,3,3,3,2,2,1,1,2,2,3,3,1,1,1,1,2,2,3,3
BTRT-60,Pop,1,1,1,1,1,1,2,2,1,1,0,0,1,1,2,2,2,2,1,1,1,1,2,2,2,2,0,0,3,3,0,0,1,1,2,2,2,2,2,2,2,2,2,2,1,1,1,1,0,0,1,1,1,1,3,3,3,3,0,0,1,1,2,2,1,1,3,3,1,1,1,1,1,1,0,0,1,1,2,2,2,2,0,0,0,0,3,3,2,2,3,3,2,2,1,1,1,1,0,0,2,2,1,1,2,2,2,2,2,2,2,2,3,3,3,3,1,1,3,3,0,0,2,2,3,3,1,1,1,1,0,0,1,1,2,2,3,3,2,2,1,1,2,2,1,1,3,3,1,1,3,3,2,2,1,1,1,1,3,3,2,2,2,2,0,0,0,0,3,3,1,1,2,2,0,0,2,2,0,0,2,2,3,3,3,3
BTRT-61,Pop,1,1,0,0,2,2,3,3,2,2,2,2,1,1,2,2,2,2,1,1,2,2,2,2,2,2,0,0,3,3,0,0,1,1,1,1,1,1,1,1,1,1,3,3,2,2,1,1,0,0,2,2,1,1,1,1,2,2,0,0,0,0,2,2,1,1,1,1,1,1,1,1,1,1,0,0,1,1,2,2,2,2,1,1,3,3,2,2,1,1,3,3,1,1,3,3,1,1,0,0,2,2,1,1,1,1,2,2,3,3,1,1,2,2,3,3,1,1,3,3,3,3,2,2,2,2,1,1,1,1,0,0,1,1,1,1,3,3,2,2,2,2,3,3,1,1,0,0,3,3,3,3,2,2,1,1,2,2,3,3,2,2,2,2,0,0,0,0,3,3,1,1,1,1,3,3,3,3,0,0,1,1,3,3,3,3
BTRT-62,Pop,1,1,0,0,0,0,3,3,2,2,0,0,1,1,2,2,0,0,1,1,0,0,2,2,2,2,0,0,0,0,0,0,0,0,2,2,2,2,2,2,0,0,2,2,2,2,1,1,0,0,0,0,2,2,0,0,0,0,0,0,0,0,2,2,1,1,2,2,0,0,2,2,1,1,0,0,2,2,0,0,0,0,0,0,0,0,2,2,1,1,2,2,0,0,3,3,0,0,0,0,1,1,0,0,2,2,2,2,2,2,1,1,3,3,0,0,1,1,3,3,0,0,0,0,0,0,0,0,1,1,0,0,1,1,2,2,1,1,0,0,0,0,3,3,2,2,2,2,0,0,0,0,0,0,1,1,2,2,0,0,1,1,2,2,0,0,0,0,3,3,2,2,1,1,2,2,1,1,0,0,1,1,2,2,0,0
BTRT-63,Pop,0,0,0,0,0,0,2,2,2,2,0,0,2,2,2,2,1,1,0,0,1,1,2,2,2,2,0,0,2,2,0,0,2,2,0,0,0,0,0,0,0,0,1,1,2,2,2,2,0,0,2,2,0,0,0,0,2,2,0,0,0,0,2,2,1,1,1,1,0,0,2,2,0,0,0,0,2,2,0,0,0,0,0,0,0,0,2,2,3,3,3,3,0,0,2,2,2,2,0,0,1,1,2,2,3,3,1,1,2,2,2,2,3,3,0,0,1,1,3,3,0,0,0,0,2,2,0,0,0,0,0,0,0,0,0,0,3,3,0,0,0,0,0,0,1,1,0,0,0,0,2,2,2,2,0,0,2,2,0,0,2,2,0,0,0,0,0,0,0,0,2,2,1,1,0,0,2,2,0,0,2,2,0,0,1,1
BTRT-64,Pop,1,1,1,1,0,0,2,2,0,0,0,0,1,1,2,2,1,1,1,1,1,1,2,2,1,1,0,0,0,0,0,0,0,0,2,2,0,0,0,0,0,0,2,2,3,3,1,1,0,0,0,0,0,0,1,1,2,2,0,0,0,0,2,2,1,1,3,3,0,0,2,2,3,3,0,0,3,3,2,2,0,0,0,0,0,0,2,2,1,1,3,3,0,0,0,0,2,2,0,0,1,1,0,0,2,2,1,1,2,2,0,0,0,0,2,2,0,0,3,3,0,0,0,0,0,0,0,0,1,1,0,0,0,0,1,1,3,3,0,0,0,0,2,2,1,1,3,3,0,0,0,0,0,0,2,2,1,1,2,2,3,3,2,2,0,0,0,0,3,3,1,1,1,1,0,0,2,2,0,0,0,0,2,2,3,3
BTRT-7,Pop,1,1,0,0,2,2,2,2,3,3,0,0,2,2,3,3,1,1,1,1,1,1,2,2,3,3,0,0,2,2,0,0,1,1,1,1,2,2,2,2,3,3,1,1,2,2,1,1,0,0,1,1,1,1,2,2,2,2,0,0,0,0,1,1,1,1,2,2,1,1,1,1,1,1,0,0,1,1,1,1,2,2,0,0,0,0,3,3,2,2,3,3,3,3,2,2,2,2,0,0,1,1,2,2,2,2,2,2,3,3,2,2,3,3,0,0,1,1,3,3,0,0,2,2,3,3,1,1,1,1,0,0,1,1,2,2,1,1,1,1,1,1,3,3,1,1,0,0,2,2,1,1,2,2,2,2,2,2,1,1,2,2,2,2,0,0,0,0,3,3,2,2,1,1,0,0,2,2,0,0,2,2,3,3,3,3
BTRT-8,Pop,1,1,1,1,2,2,3,3,1,1,3,3,1,1,2,2,1,1,1,1,1,1,3,3,1,1,0,0,2,2,0,0,2,2,1,1,2,2,2,2,2,2,2,2,2,2,1,1,1,1,1,1,2,2,2,2,3,3,0,0,1,1,1,1,2,2,2,2,1,1,1,1,2,2,0,0,3,3,2,2,2,2,0,0,0,0,3,3,2,2,2,2,1,1,2,2,1,1,3,3,1,1,1,1,2,2,1,1,1,1,1,1,2,2,3,3,1,1,3,3,0,0,2,2,1,1,1,1,1,1,1,1,1,1,1,1,2,2,1,1,1,1,2,2,1,1,3,3,2,2,2,2,3,3,2,2,1,1,3,3,2,2,1,1,0,0,0,0,3,3,1,1,1,1,2,2,2,2,0,0,1,1,2,2,3,3
BTRT-9,Pop,1,1,1,1,3,3,3,3,3,3,2,2,2,2,2,2,1,1,1,1,1,1,2,2,2,2,3,3,3,3,3,3,2,2,1,1,1,1,1,1,1,1,1,1,1,1,1,1,0,0,1,1,1,1,2,2,3,3,0,0,0,0,1,1,1,1,2,2,1,1,2,2,2,2,0,0,2,2,2,2,2,2,0,0,3,3,1,1,3,3,3,3,1,1,2,2,1,1,0,0,2,2,3,3,1,1,1,1,3,3,2,2,3,3,3,3,1,1,3,3,0,0,2,2,1,1,1,1,1,1,3,3,1,1,1,1,3,3,2,2,1,1,2,2,1,1,2,2,2,2,2,2,2,2,1,1,1,1,2,2,2,2,1,1,0,0,2,2,3,3,2,2,1,1,0,0,2,2,1,1,2,2,3,3,3,3
